native,error_beginning_pct,error_middle_pct,error_end_pct
Chinese (Mandarin),25.056927677689117,48.12549140020225,13.726671831199535
Russian,18.850709292148103,44.36840170536382,11.72341773812026
Spanish,19.73063041761782,48.148976127192974,14.774520936902892
