native,ADJ Error,ADP Error,AUX Error,DET Error,NOUN Error,PART Error,PRON Error,PROPN Error,VERB Error
Chinese (Mandarin),0.079181961,0.095437861,0.078919769,0.076560042,0.163607761,0.05034085,0.174095438,0.104614578,0.177241741
Russian,0.083894672,0.088793631,0.093386405,0.091549296,0.146968769,0.068891611,0.21524801,0.057256583,0.154011023
Spanish,0.0846494,0.08149084,0.089703095,0.075173721,0.16298168,0.071699305,0.180353759,0.083701832,0.170246368
