,AUX Error,PRON Error,VERB Error,PROPN Error,PART Error,ADP Error,ADJ Error,DET Error,NOUN Error
0,1.0,0.0,0.0,0.0,0.0,0.0,0.0,0.0,0.0
1,0.07142857142857142,0.2857142857142857,0.07142857142857142,0.14285714285714285,0.14285714285714285,0.21428571428571427,0.07142857142857142,0.0,0.0
2,0.0,0.0,1.0,0.0,0.0,0.0,0.0,0.0,0.0
3,0.0,0.0,0.0,0.0,0.0,0.0,0.0,1.0,0.0
4,0.0,0.0,0.0,0.0,0.0,0.0,0.0,0.0,1.0
